"Data Source","World Development Indicators",

"Last Updated Date","2023-09-19",

"Country Name","Country Code","Indicator Name","Indicator Code","1960","1961","1962","1963","1964","1965","1966","1967","1968","1969","1970","1971","1972","1973","1974","1975","1976","1977","1978","1979","1980","1981","1982","1983","1984","1985","1986","1987","1988","1989","1990","1991","1992","1993","1994","1995","1996","1997","1998","1999","2000","2001","2002","2003","2004","2005","2006","2007","2008","2009","2010","2011","2012","2013","2014","2015","2016","2017","2018","2019","2020","2021","2022",
"Aruba","ABW","Human capital index (HCI), male (scale 0-1)","HD.HCI.OVRL.MA","","","","","","","","","","","","","","","","","","","","","","","","","","","","","","","","","","","","","","","","","","","","","","","","","","","","","","","","","","","","","","","",
"Africa Eastern and Southern","AFE","Human capital index (HCI), male (scale 0-1)","HD.HCI.OVRL.MA","","","","","","","","","","","","","","","","","","","","","","","","","","","","","","","","","","","","","","","","","","","","","","","","","","","","","","","","","","","","","","","",
"Afghanistan","AFG","Human capital index (HCI), male (scale 0-1)","HD.HCI.OVRL.MA","","","","","","","","","","","","","","","","","","","","","","","","","","","","","","","","","","","","","","","","","","","","","","","","","","","","","","","","","","0.395","0.405022948980331","","0.411275178194046","","",
"Africa Western and Central","AFW","Human capital index (HCI), male (scale 0-1)","HD.HCI.OVRL.MA","","","","","","","","","","","","","","","","","","","","","","","","","","","","","","","","","","","","","","","","","","","","","","","","","","","","","","","","","","","","","","","",
"Angola","AGO","Human capital index (HCI), male (scale 0-1)","HD.HCI.OVRL.MA","","","","","","","","","","","","","","","","","","","","","","","","","","","","","","","","","","","","","","","","","","","","","","","","","","","","","","","","","","0.365","0.366803884506226","","0.369158178567886","","",
"Albania","ALB","Human capital index (HCI), male (scale 0-1)","HD.HCI.OVRL.MA","","","","","","","","","","","","","","","","","","","","","","","","","","","","","","","","","","","","","","","","","","","","","","","","","","","0.523979902267456","","","","","","","0.606","0.598655641078949","","0.608002722263336","","",
"Andorra","AND","Human capital index (HCI), male (scale 0-1)","HD.HCI.OVRL.MA","","","","","","","","","","","","","","","","","","","","","","","","","","","","","","","","","","","","","","","","","","","","","","","","","","","","","","","","","","","","","","","",
"Arab World","ARB","Human capital index (HCI), male (scale 0-1)","HD.HCI.OVRL.MA","","","","","","","","","","","","","","","","","","","","","","","","","","","","","","","","","","","","","","","","","","","","","","","","","","","","","","","","","","","","","","","",
"United Arab Emirates","ARE","Human capital index (HCI), male (scale 0-1)","HD.HCI.OVRL.MA","","","","","","","","","","","","","","","","","","","","","","","","","","","","","","","","","","","","","","","","","","","","","","","","","","","0.597351372241974","","","","","","","","0.667604267597198","","0.660949110984802","","",
"Argentina","ARG","Human capital index (HCI), male (scale 0-1)","HD.HCI.OVRL.MA","","","","","","","","","","","","","","","","","","","","","","","","","","","","","","","","","","","","","","","","","","","","","","","","","","","0.565431118011475","","","","","","","0.59","0.607066631317139","","0.591290056705475","","",
"Armenia","ARM","Human capital index (HCI), male (scale 0-1)","HD.HCI.OVRL.MA","","","","","","","","","","","","","","","","","","","","","","","","","","","","","","","","","","","","","","","","","","","","","","","","","","","","","","","","","","0.551","0.558102667331696","","0.555849492549896","","",
"American Samoa","ASM","Human capital index (HCI), male (scale 0-1)","HD.HCI.OVRL.MA","","","","","","","","","","","","","","","","","","","","","","","","","","","","","","","","","","","","","","","","","","","","","","","","","","","","","","","","","","","","","","","",
"Antigua and Barbuda","ATG","Human capital index (HCI), male (scale 0-1)","HD.HCI.OVRL.MA","","","","","","","","","","","","","","","","","","","","","","","","","","","","","","","","","","","","","","","","","","","","","","","","","","","","","","","","","","","0.559216916561127","","0.56757777929306","","",
"Australia","AUS","Human capital index (HCI), male (scale 0-1)","HD.HCI.OVRL.MA","","","","","","","","","","","","","","","","","","","","","","","","","","","","","","","","","","","","","","","","","","","","","","","","","","","0.738740682601929","","","","","","","0.779","0.766766428947449","","0.75711715221405","","",
"Austria","AUT","Human capital index (HCI), male (scale 0-1)","HD.HCI.OVRL.MA","","","","","","","","","","","","","","","","","","","","","","","","","","","","","","","","","","","","","","","","","","","","","","","","","","","0.722867131233215","","","","","","","0.785","0.758228123188019","","0.733019888401031","","",
"Azerbaijan","AZE","Human capital index (HCI), male (scale 0-1)","HD.HCI.OVRL.MA","","","","","","","","","","","","","","","","","","","","","","","","","","","","","","","","","","","","","","","","","","","","","","","","","","","0.48643285036087","","","","","","","","0.613982617855072","","0.568437039852142","","",
"Burundi","BDI","Human capital index (HCI), male (scale 0-1)","HD.HCI.OVRL.MA","","","","","","","","","","","","","","","","","","","","","","","","","","","","","","","","","","","","","","","","","","","","","","","","","","","0.339669853448868","","","","","","","0.374","0.373819798231125","","0.370230346918106","","",
"Belgium","BEL","Human capital index (HCI), male (scale 0-1)","HD.HCI.OVRL.MA","","","","","","","","","","","","","","","","","","","","","","","","","","","","","","","","","","","","","","","","","","","","","","","","","","","0.73956686258316","","","","","","","0.749","0.754185914993286","","0.749003291130066","","",
"Benin","BEN","Human capital index (HCI), male (scale 0-1)","HD.HCI.OVRL.MA","","","","","","","","","","","","","","","","","","","","","","","","","","","","","","","","","","","","","","","","","","","","","","","","","","","0.370884656906128","","","","","","","0.408","0.395908683538437","","0.39908030629158","","",
"Burkina Faso","BFA","Human capital index (HCI), male (scale 0-1)","HD.HCI.OVRL.MA","","","","","","","","","","","","","","","","","","","","","","","","","","","","","","","","","","","","","","","","","","","","","","","","","","","0.321265786886215","","","","","","","0.354","0.375307559967041","","0.379403978586197","","",
"Bangladesh","BGD","Human capital index (HCI), male (scale 0-1)","HD.HCI.OVRL.MA","","","","","","","","","","","","","","","","","","","","","","","","","","","","","","","","","","","","","","","","","","","","","","","","","","","","","","","","","","0.465","0.446381837129593","","0.451447725296021","","",
"Bulgaria","BGR","Human capital index (HCI), male (scale 0-1)","HD.HCI.OVRL.MA","","","","","","","","","","","","","","","","","","","","","","","","","","","","","","","","","","","","","","","","","","","","","","","","","","","0.611562728881836","","","","","","","0.648","0.653771042823792","","0.597585737705231","","",
"Bahrain","BHR","Human capital index (HCI), male (scale 0-1)","HD.HCI.OVRL.MA","","","","","","","","","","","","","","","","","","","","","","","","","","","","","","","","","","","","","","","","","","","","","","","","","","","0.5803142786026","","","","","","","0.641","0.638173401355743","","0.624628722667694","","",
"Bahamas, The","BHS","Human capital index (HCI), male (scale 0-1)","HD.HCI.OVRL.MA","","","","","","","","","","","","","","","","","","","","","","","","","","","","","","","","","","","","","","","","","","","","","","","","","","","","","","","","","","","","","","","",
"Bosnia and Herzegovina","BIH","Human capital index (HCI), male (scale 0-1)","HD.HCI.OVRL.MA","","","","","","","","","","","","","","","","","","","","","","","","","","","","","","","","","","","","","","","","","","","","","","","","","","","","","","","","","","0.61","0.6115403175354","","0.568520784378052","","",
"Belarus","BLR","Human capital index (HCI), male (scale 0-1)","HD.HCI.OVRL.MA","","","","","","","","","","","","","","","","","","","","","","","","","","","","","","","","","","","","","","","","","","","","","","","","","","","","","","","","","","","","","0.666736006736755","","",
"Belize","BLZ","Human capital index (HCI), male (scale 0-1)","HD.HCI.OVRL.MA","","","","","","","","","","","","","","","","","","","","","","","","","","","","","","","","","","","","","","","","","","","","","","","","","","","","","","","","","","","","","","","",
"Bermuda","BMU","Human capital index (HCI), male (scale 0-1)","HD.HCI.OVRL.MA","","","","","","","","","","","","","","","","","","","","","","","","","","","","","","","","","","","","","","","","","","","","","","","","","","","","","","","","","","","","","","","",
"Bolivia","BOL","Human capital index (HCI), male (scale 0-1)","HD.HCI.OVRL.MA","","","","","","","","","","","","","","","","","","","","","","","","","","","","","","","","","","","","","","","","","","","","","","","","","","","","","","","","","","","","","","","",
"Brazil","BRA","Human capital index (HCI), male (scale 0-1)","HD.HCI.OVRL.MA","","","","","","","","","","","","","","","","","","","","","","","","","","","","","","","","","","","","","","","","","","","","","","","","","","","","","","","","","","","","","","","",
"Barbados","BRB","Human capital index (HCI), male (scale 0-1)","HD.HCI.OVRL.MA","","","","","","","","","","","","","","","","","","","","","","","","","","","","","","","","","","","","","","","","","","","","","","","","","","","","","","","","","","","","","","","",
"Brunei Darussalam","BRN","Human capital index (HCI), male (scale 0-1)","HD.HCI.OVRL.MA","","","","","","","","","","","","","","","","","","","","","","","","","","","","","","","","","","","","","","","","","","","","","","","","","","","","","","","","","","","","","0.609418213367462","","",
"Bhutan","BTN","Human capital index (HCI), male (scale 0-1)","HD.HCI.OVRL.MA","","","","","","","","","","","","","","","","","","","","","","","","","","","","","","","","","","","","","","","","","","","","","","","","","","","","","","","","","","","","","0.467461943626404","","",
"Botswana","BWA","Human capital index (HCI), male (scale 0-1)","HD.HCI.OVRL.MA","","","","","","","","","","","","","","","","","","","","","","","","","","","","","","","","","","","","","","","","","","","","","","","","","","","0.3442342877388","","","","","","","0.393","0.386975705623627","","0.388421088457107","","",
"Central African Republic","CAF","Human capital index (HCI), male (scale 0-1)","HD.HCI.OVRL.MA","","","","","","","","","","","","","","","","","","","","","","","","","","","","","","","","","","","","","","","","","","","","","","","","","","","","","","","","","","","","","","","",
"Canada","CAN","Human capital index (HCI), male (scale 0-1)","HD.HCI.OVRL.MA","","","","","","","","","","","","","","","","","","","","","","","","","","","","","","","","","","","","","","","","","","","","","","","","","","","0.762514710426331","","","","","","","0.79","0.790175378322601","","0.785041689872742","","",
"Central Europe and the Baltics","CEB","Human capital index (HCI), male (scale 0-1)","HD.HCI.OVRL.MA","","","","","","","","","","","","","","","","","","","","","","","","","","","","","","","","","","","","","","","","","","","","","","","","","","","","","","","","","","","","","","","",
"Switzerland","CHE","Human capital index (HCI), male (scale 0-1)","HD.HCI.OVRL.MA","","","","","","","","","","","","","","","","","","","","","","","","","","","","","","","","","","","","","","","","","","","","","","","","","","","0.759455025196075","","","","","","","0.762","0.761121869087219","","0.747908771038055","","",
"Channel Islands","CHI","Human capital index (HCI), male (scale 0-1)","HD.HCI.OVRL.MA","","","","","","","","","","","","","","","","","","","","","","","","","","","","","","","","","","","","","","","","","","","","","","","","","","","","","","","","","","","","","","","",
"Chile","CHL","Human capital index (HCI), male (scale 0-1)","HD.HCI.OVRL.MA","","","","","","","","","","","","","","","","","","","","","","","","","","","","","","","","","","","","","","","","","","","","","","","","","","","0.610024809837341","","","","","","","0.667","0.65339457988739","","0.637953579425812","","",
"China","CHN","Human capital index (HCI), male (scale 0-1)","HD.HCI.OVRL.MA","","","","","","","","","","","","","","","","","","","","","","","","","","","","","","","","","","","","","","","","","","","","","","","","","","","","","","","","","","0.657","0.640095114707947","","0.646641552448273","","",
"Cote d'Ivoire","CIV","Human capital index (HCI), male (scale 0-1)","HD.HCI.OVRL.MA","","","","","","","","","","","","","","","","","","","","","","","","","","","","","","","","","","","","","","","","","","","","","","","","","","","0.306344568729401","","","","","","","0.325","0.373427003622055","","0.382482677698135","","",
"Cameroon","CMR","Human capital index (HCI), male (scale 0-1)","HD.HCI.OVRL.MA","","","","","","","","","","","","","","","","","","","","","","","","","","","","","","","","","","","","","","","","","","","","","","","","","","","0.383415877819061","","","","","","","0.395","0.393718183040619","","0.397932469844818","","",
"Congo, Dem. Rep.","COD","Human capital index (HCI), male (scale 0-1)","HD.HCI.OVRL.MA","","","","","","","","","","","","","","","","","","","","","","","","","","","","","","","","","","","","","","","","","","","","","","","","","","","","","","","","","","0.367","0.363277107477188","","0.365138560533524","","",
"Congo, Rep.","COG","Human capital index (HCI), male (scale 0-1)","HD.HCI.OVRL.MA","","","","","","","","","","","","","","","","","","","","","","","","","","","","","","","","","","","","","","","","","","","","","","","","","","","0.40797609090805","","","","","","","0.392","0.409229189157486","","0.410592555999756","","",
"Colombia","COL","Human capital index (HCI), male (scale 0-1)","HD.HCI.OVRL.MA","","","","","","","","","","","","","","","","","","","","","","","","","","","","","","","","","","","","","","","","","","","","","","","","","","","0.574842751026154","","","","","","","0.579","0.585716128349304","","0.594833314418793","","",
"Comoros","COM","Human capital index (HCI), male (scale 0-1)","HD.HCI.OVRL.MA","","","","","","","","","","","","","","","","","","","","","","","","","","","","","","","","","","","","","","","","","","","","","","","","","","","","","","","","","","0.409","0.396073430776596","","0.397325336933136","","",
"Cabo Verde","CPV","Human capital index (HCI), male (scale 0-1)","HD.HCI.OVRL.MA","","","","","","","","","","","","","","","","","","","","","","","","","","","","","","","","","","","","","","","","","","","","","","","","","","","","","","","","","","","","","","","",
"Costa Rica","CRI","Human capital index (HCI), male (scale 0-1)","HD.HCI.OVRL.MA","","","","","","","","","","","","","","","","","","","","","","","","","","","","","","","","","","","","","","","","","","","","","","","","","","","0.585023760795593","","","","","","","0.597","0.590334892272949","","0.615142703056335","","",
"Caribbean small states","CSS","Human capital index (HCI), male (scale 0-1)","HD.HCI.OVRL.MA","","","","","","","","","","","","","","","","","","","","","","","","","","","","","","","","","","","","","","","","","","","","","","","","","","","","","","","","","","","","","","","",
"Cuba","CUB","Human capital index (HCI), male (scale 0-1)","HD.HCI.OVRL.MA","","","","","","","","","","","","","","","","","","","","","","","","","","","","","","","","","","","","","","","","","","","","","","","","","","","","","","","","","","","","","","","",
"Curacao","CUW","Human capital index (HCI), male (scale 0-1)","HD.HCI.OVRL.MA","","","","","","","","","","","","","","","","","","","","","","","","","","","","","","","","","","","","","","","","","","","","","","","","","","","","","","","","","","","","","","","",
"Cayman Islands","CYM","Human capital index (HCI), male (scale 0-1)","HD.HCI.OVRL.MA","","","","","","","","","","","","","","","","","","","","","","","","","","","","","","","","","","","","","","","","","","","","","","","","","","","","","","","","","","","","","","","",
"Cyprus","CYP","Human capital index (HCI), male (scale 0-1)","HD.HCI.OVRL.MA","","","","","","","","","","","","","","","","","","","","","","","","","","","","","","","","","","","","","","","","","","","","","","","","","","","0.663563966751099","","","","","","","0.743","0.747202694416046","","0.748430013656616","","",
"Czechia","CZE","Human capital index (HCI), male (scale 0-1)","HD.HCI.OVRL.MA","","","","","","","","","","","","","","","","","","","","","","","","","","","","","","","","","","","","","","","","","","","","","","","","","","","0.700719118118286","","","","","","","0.764","0.748405873775482","","0.73181289434433","","",
"Germany","DEU","Human capital index (HCI), male (scale 0-1)","HD.HCI.OVRL.MA","","","","","","","","","","","","","","","","","","","","","","","","","","","","","","","","","","","","","","","","","","","","","","","","","","","0.744471967220306","","","","","","","0.783","0.751320600509644","","0.736171841621399","","",
"Djibouti","DJI","Human capital index (HCI), male (scale 0-1)","HD.HCI.OVRL.MA","","","","","","","","","","","","","","","","","","","","","","","","","","","","","","","","","","","","","","","","","","","","","","","","","","","","","","","","","","","","","","","",
"Dominica","DMA","Human capital index (HCI), male (scale 0-1)","HD.HCI.OVRL.MA","","","","","","","","","","","","","","","","","","","","","","","","","","","","","","","","","","","","","","","","","","","","","","","","","","","","","","","","","","","0.527659296989441","","0.518141031265259","","",
"Denmark","DNK","Human capital index (HCI), male (scale 0-1)","HD.HCI.OVRL.MA","","","","","","","","","","","","","","","","","","","","","","","","","","","","","","","","","","","","","","","","","","","","","","","","","","","0.737509250640869","","","","","","","0.76","0.756360411643982","","0.73754221200943","","",
"Dominican Republic","DOM","Human capital index (HCI), male (scale 0-1)","HD.HCI.OVRL.MA","","","","","","","","","","","","","","","","","","","","","","","","","","","","","","","","","","","","","","","","","","","","","","","","","","","","","","","","","","0.476","0.48892217874527","","0.483763635158539","","",
"Algeria","DZA","Human capital index (HCI), male (scale 0-1)","HD.HCI.OVRL.MA","","","","","","","","","","","","","","","","","","","","","","","","","","","","","","","","","","","","","","","","","","","","","","","","","","","0.518848776817322","","","","","","","0.504","0.513784050941467","","0.515088617801666","","",
"East Asia & Pacific (excluding high income)","EAP","Human capital index (HCI), male (scale 0-1)","HD.HCI.OVRL.MA","","","","","","","","","","","","","","","","","","","","","","","","","","","","","","","","","","","","","","","","","","","","","","","","","","","","","","","","","","","","","","","",
"Early-demographic dividend","EAR","Human capital index (HCI), male (scale 0-1)","HD.HCI.OVRL.MA","","","","","","","","","","","","","","","","","","","","","","","","","","","","","","","","","","","","","","","","","","","","","","","","","","","","","","","","","","","","","","","",
"East Asia & Pacific","EAS","Human capital index (HCI), male (scale 0-1)","HD.HCI.OVRL.MA","","","","","","","","","","","","","","","","","","","","","","","","","","","","","","","","","","","","","","","","","","","","","","","","","","","","","","","","","","","","","","","",
"Europe & Central Asia (excluding high income)","ECA","Human capital index (HCI), male (scale 0-1)","HD.HCI.OVRL.MA","","","","","","","","","","","","","","","","","","","","","","","","","","","","","","","","","","","","","","","","","","","","","","","","","","","","","","","","","","","","","","","",
"Europe & Central Asia","ECS","Human capital index (HCI), male (scale 0-1)","HD.HCI.OVRL.MA","","","","","","","","","","","","","","","","","","","","","","","","","","","","","","","","","","","","","","","","","","","","","","","","","","","","","","","","","","","","","","","",
"Ecuador","ECU","Human capital index (HCI), male (scale 0-1)","HD.HCI.OVRL.MA","","","","","","","","","","","","","","","","","","","","","","","","","","","","","","","","","","","","","","","","","","","","","","","","","","","0.512530982494354","","","","","","","0.587","0.579084277153015","","0.576708376407623","","",
"Egypt, Arab Rep.","EGY","Human capital index (HCI), male (scale 0-1)","HD.HCI.OVRL.MA","","","","","","","","","","","","","","","","","","","","","","","","","","","","","","","","","","","","","","","","","","","","","","","","","","","0.466950982809067","","","","","","","0.468","0.47454446554184","","0.475982815027237","","",
"Euro area","EMU","Human capital index (HCI), male (scale 0-1)","HD.HCI.OVRL.MA","","","","","","","","","","","","","","","","","","","","","","","","","","","","","","","","","","","","","","","","","","","","","","","","","","","","","","","","","","","","","","","",
"Eritrea","ERI","Human capital index (HCI), male (scale 0-1)","HD.HCI.OVRL.MA","","","","","","","","","","","","","","","","","","","","","","","","","","","","","","","","","","","","","","","","","","","","","","","","","","","","","","","","","","","","","","","",
"Spain","ESP","Human capital index (HCI), male (scale 0-1)","HD.HCI.OVRL.MA","","","","","","","","","","","","","","","","","","","","","","","","","","","","","","","","","","","","","","","","","","","","","","","","","","","0.690746784210205","","","","","","","0.729","0.722158551216125","","0.716954112052917","","",
"Estonia","EST","Human capital index (HCI), male (scale 0-1)","HD.HCI.OVRL.MA","","","","","","","","","","","","","","","","","","","","","","","","","","","","","","","","","","","","","","","","","","","","","","","","","","","0.682543456554413","","","","","","","0.714","0.743931591510773","","0.745991468429565","","",
"Ethiopia","ETH","Human capital index (HCI), male (scale 0-1)","HD.HCI.OVRL.MA","","","","","","","","","","","","","","","","","","","","","","","","","","","","","","","","","","","","","","","","","","","","","","","","","","","","","","","","","","0.383","0.382792294025421","","0.381497323513031","","",
"European Union","EUU","Human capital index (HCI), male (scale 0-1)","HD.HCI.OVRL.MA","","","","","","","","","","","","","","","","","","","","","","","","","","","","","","","","","","","","","","","","","","","","","","","","","","","","","","","","","","","","","","","",
"Fragile and conflict affected situations","FCS","Human capital index (HCI), male (scale 0-1)","HD.HCI.OVRL.MA","","","","","","","","","","","","","","","","","","","","","","","","","","","","","","","","","","","","","","","","","","","","","","","","","","","","","","","","","","","","","","","",
"Finland","FIN","Human capital index (HCI), male (scale 0-1)","HD.HCI.OVRL.MA","","","","","","","","","","","","","","","","","","","","","","","","","","","","","","","","","","","","","","","","","","","","","","","","","","","0.784170687198639","","","","","","","0.784","0.78672194480896","","0.764573335647583","","",
"Fiji","FJI","Human capital index (HCI), male (scale 0-1)","HD.HCI.OVRL.MA","","","","","","","","","","","","","","","","","","","","","","","","","","","","","","","","","","","","","","","","","","","","","","","","","","","","","","","","","","","","","0.487633109092712","","",
"France","FRA","Human capital index (HCI), male (scale 0-1)","HD.HCI.OVRL.MA","","","","","","","","","","","","","","","","","","","","","","","","","","","","","","","","","","","","","","","","","","","","","","","","","","","0.736638903617859","","","","","","","","0.739018738269806","","0.745047450065613","","",
"Faroe Islands","FRO","Human capital index (HCI), male (scale 0-1)","HD.HCI.OVRL.MA","","","","","","","","","","","","","","","","","","","","","","","","","","","","","","","","","","","","","","","","","","","","","","","","","","","","","","","","","","","","","","","",
"Micronesia, Fed. Sts.","FSM","Human capital index (HCI), male (scale 0-1)","HD.HCI.OVRL.MA","","","","","","","","","","","","","","","","","","","","","","","","","","","","","","","","","","","","","","","","","","","","","","","","","","","","","","","","","","","0.451733380556107","","0.491041928529739","","",
"Gabon","GAB","Human capital index (HCI), male (scale 0-1)","HD.HCI.OVRL.MA","","","","","","","","","","","","","","","","","","","","","","","","","","","","","","","","","","","","","","","","","","","","","","","","","","","","","","","","","","0.439","0.440969854593277","","0.44219496846199","","",
"United Kingdom","GBR","Human capital index (HCI), male (scale 0-1)","HD.HCI.OVRL.MA","","","","","","","","","","","","","","","","","","","","","","","","","","","","","","","","","","","","","","","","","","","","","","","","","","","0.756516218185425","","","","","","","0.773","0.767385721206665","","0.774549543857574","","",
"Georgia","GEO","Human capital index (HCI), male (scale 0-1)","HD.HCI.OVRL.MA","","","","","","","","","","","","","","","","","","","","","","","","","","","","","","","","","","","","","","","","","","","","","","","","","","","0.493191033601761","","","","","","","0.554","0.566106736660004","","0.52986341714859","","",
"Ghana","GHA","Human capital index (HCI), male (scale 0-1)","HD.HCI.OVRL.MA","","","","","","","","","","","","","","","","","","","","","","","","","","","","","","","","","","","","","","","","","","","","","","","","","","","","","","","","","","0.432","0.436948508024216","","0.442706197500229","","",
"Gibraltar","GIB","Human capital index (HCI), male (scale 0-1)","HD.HCI.OVRL.MA","","","","","","","","","","","","","","","","","","","","","","","","","","","","","","","","","","","","","","","","","","","","","","","","","","","","","","","","","","","","","","","",
"Guinea","GIN","Human capital index (HCI), male (scale 0-1)","HD.HCI.OVRL.MA","","","","","","","","","","","","","","","","","","","","","","","","","","","","","","","","","","","","","","","","","","","","","","","","","","","","","","","","","","0.377","0.383485615253448","","0.38404181599617","","",
"Gambia, The","GMB","Human capital index (HCI), male (scale 0-1)","HD.HCI.OVRL.MA","","","","","","","","","","","","","","","","","","","","","","","","","","","","","","","","","","","","","","","","","","","","","","","","","","","0.365373194217682","","","","","","","","0.39087587594986","","0.407627522945404","","",
"Guinea-Bissau","GNB","Human capital index (HCI), male (scale 0-1)","HD.HCI.OVRL.MA","","","","","","","","","","","","","","","","","","","","","","","","","","","","","","","","","","","","","","","","","","","","","","","","","","","","","","","","","","","","","","","",
"Equatorial Guinea","GNQ","Human capital index (HCI), male (scale 0-1)","HD.HCI.OVRL.MA","","","","","","","","","","","","","","","","","","","","","","","","","","","","","","","","","","","","","","","","","","","","","","","","","","","","","","","","","","","","","","","",
"Greece","GRC","Human capital index (HCI), male (scale 0-1)","HD.HCI.OVRL.MA","","","","","","","","","","","","","","","","","","","","","","","","","","","","","","","","","","","","","","","","","","","","","","","","","","","0.692765891551971","","","","","","","0.658","0.674274504184723","","0.668559432029724","","",
"Grenada","GRD","Human capital index (HCI), male (scale 0-1)","HD.HCI.OVRL.MA","","","","","","","","","","","","","","","","","","","","","","","","","","","","","","","","","","","","","","","","","","","","","","","","","","","","","","","","","","","0.509237408638","","0.536143898963928","","",
"Greenland","GRL","Human capital index (HCI), male (scale 0-1)","HD.HCI.OVRL.MA","","","","","","","","","","","","","","","","","","","","","","","","","","","","","","","","","","","","","","","","","","","","","","","","","","","","","","","","","","","","","","","",
"Guatemala","GTM","Human capital index (HCI), male (scale 0-1)","HD.HCI.OVRL.MA","","","","","","","","","","","","","","","","","","","","","","","","","","","","","","","","","","","","","","","","","","","","","","","","","","","0.435868471860886","","","","","","","0.45","0.447535812854767","","0.451574176549912","","",
"Guam","GUM","Human capital index (HCI), male (scale 0-1)","HD.HCI.OVRL.MA","","","","","","","","","","","","","","","","","","","","","","","","","","","","","","","","","","","","","","","","","","","","","","","","","","","","","","","","","","","","","","","",
"Guyana","GUY","Human capital index (HCI), male (scale 0-1)","HD.HCI.OVRL.MA","","","","","","","","","","","","","","","","","","","","","","","","","","","","","","","","","","","","","","","","","","","","","","","","","","","","","","","","","","0.472","0.476087957620621","","0.476975411176682","","",
"High income","HIC","Human capital index (HCI), male (scale 0-1)","HD.HCI.OVRL.MA","","","","","","","","","","","","","","","","","","","","","","","","","","","","","","","","","","","","","","","","","","","","","","","","","","","","","","","","","","","","","","","",
"Hong Kong SAR, China","HKG","Human capital index (HCI), male (scale 0-1)","HD.HCI.OVRL.MA","","","","","","","","","","","","","","","","","","","","","","","","","","","","","","","","","","","","","","","","","","","","","","","","","","","0.7618448138237","","","","","","","0.81","0.795750916004181","","0.78038477897644","","",
"Honduras","HND","Human capital index (HCI), male (scale 0-1)","HD.HCI.OVRL.MA","","","","","","","","","","","","","","","","","","","","","","","","","","","","","","","","","","","","","","","","","","","","","","","","","","","","","","","","","","0.478","0.468997985124588","","0.469809353351593","","",
"Heavily indebted poor countries (HIPC)","HPC","Human capital index (HCI), male (scale 0-1)","HD.HCI.OVRL.MA","","","","","","","","","","","","","","","","","","","","","","","","","","","","","","","","","","","","","","","","","","","","","","","","","","","","","","","","","","","","","","","",
"Croatia","HRV","Human capital index (HCI), male (scale 0-1)","HD.HCI.OVRL.MA","","","","","","","","","","","","","","","","","","","","","","","","","","","","","","","","","","","","","","","","","","","","","","","","","","","0.655934572219849","","","","","","","0.699","0.707263350486755","","0.682203352451324","","",
"Haiti","HTI","Human capital index (HCI), male (scale 0-1)","HD.HCI.OVRL.MA","","","","","","","","","","","","","","","","","","","","","","","","","","","","","","","","","","","","","","","","","","","","","","","","","","","","","","","","","","0.432","0.432505011558533","","0.434230864048004","","",
"Hungary","HUN","Human capital index (HCI), male (scale 0-1)","HD.HCI.OVRL.MA","","","","","","","","","","","","","","","","","","","","","","","","","","","","","","","","","","","","","","","","","","","","","","","","","","","0.656023323535919","","","","","","","0.678","0.681594431400299","","0.660571575164795","","",
"IBRD only","IBD","Human capital index (HCI), male (scale 0-1)","HD.HCI.OVRL.MA","","","","","","","","","","","","","","","","","","","","","","","","","","","","","","","","","","","","","","","","","","","","","","","","","","","","","","","","","","","","","","","",
"IDA & IBRD total","IBT","Human capital index (HCI), male (scale 0-1)","HD.HCI.OVRL.MA","","","","","","","","","","","","","","","","","","","","","","","","","","","","","","","","","","","","","","","","","","","","","","","","","","","","","","","","","","","","","","","",
"IDA total","IDA","Human capital index (HCI), male (scale 0-1)","HD.HCI.OVRL.MA","","","","","","","","","","","","","","","","","","","","","","","","","","","","","","","","","","","","","","","","","","","","","","","","","","","","","","","","","","","","","","","",
"IDA blend","IDB","Human capital index (HCI), male (scale 0-1)","HD.HCI.OVRL.MA","","","","","","","","","","","","","","","","","","","","","","","","","","","","","","","","","","","","","","","","","","","","","","","","","","","","","","","","","","","","","","","",
"Indonesia","IDN","Human capital index (HCI), male (scale 0-1)","HD.HCI.OVRL.MA","","","","","","","","","","","","","","","","","","","","","","","","","","","","","","","","","","","","","","","","","","","","","","","","","","","0.482887595891953","","","","","","","0.521","0.524555087089539","","0.524279236793518","","",
"IDA only","IDX","Human capital index (HCI), male (scale 0-1)","HD.HCI.OVRL.MA","","","","","","","","","","","","","","","","","","","","","","","","","","","","","","","","","","","","","","","","","","","","","","","","","","","","","","","","","","","","","","","",
"Isle of Man","IMN","Human capital index (HCI), male (scale 0-1)","HD.HCI.OVRL.MA","","","","","","","","","","","","","","","","","","","","","","","","","","","","","","","","","","","","","","","","","","","","","","","","","","","","","","","","","","","","","","","",
"India","IND","Human capital index (HCI), male (scale 0-1)","HD.HCI.OVRL.MA","","","","","","","","","","","","","","","","","","","","","","","","","","","","","","","","","","","","","","","","","","","","","","","","","","","","","","","","","","0.429","0.478702425956726","","0.48725688457489","","",
"Not classified","INX","Human capital index (HCI), male (scale 0-1)","HD.HCI.OVRL.MA","","","","","","","","","","","","","","","","","","","","","","","","","","","","","","","","","","","","","","","","","","","","","","","","","","","","","","","","","","","","","","","",
"Ireland","IRL","Human capital index (HCI), male (scale 0-1)","HD.HCI.OVRL.MA","","","","","","","","","","","","","","","","","","","","","","","","","","","","","","","","","","","","","","","","","","","","","","","","","","","0.743606269359589","","","","","","","","0.805503904819489","","0.78081351518631","","",
"Iran, Islamic Rep.","IRN","Human capital index (HCI), male (scale 0-1)","HD.HCI.OVRL.MA","","","","","","","","","","","","","","","","","","","","","","","","","","","","","","","","","","","","","","","","","","","","","","","","","","","0.552323698997498","","","","","","","0.565","0.575451195240021","","0.57679945230484","","",
"Iraq","IRQ","Human capital index (HCI), male (scale 0-1)","HD.HCI.OVRL.MA","","","","","","","","","","","","","","","","","","","","","","","","","","","","","","","","","","","","","","","","","","","","","","","","","","","","","","","","","","0.386","0.387817621231079","","0.39517542719841","","",
"Iceland","ISL","Human capital index (HCI), male (scale 0-1)","HD.HCI.OVRL.MA","","","","","","","","","","","","","","","","","","","","","","","","","","","","","","","","","","","","","","","","","","","","","","","","","","","0.738951683044434","","","","","","","0.723","0.723954260349274","","0.723508477210999","","",
"Israel","ISR","Human capital index (HCI), male (scale 0-1)","HD.HCI.OVRL.MA","","","","","","","","","","","","","","","","","","","","","","","","","","","","","","","","","","","","","","","","","","","","","","","","","","","0.695788502693176","","","","","","","","0.745889186859131","","0.704499065876007","","",
"Italy","ITA","Human capital index (HCI), male (scale 0-1)","HD.HCI.OVRL.MA","","","","","","","","","","","","","","","","","","","","","","","","","","","","","","","","","","","","","","","","","","","","","","","","","","","0.73397034406662","","","","","","","0.764","0.746420323848724","","0.718084990978241","","",
"Jamaica","JAM","Human capital index (HCI), male (scale 0-1)","HD.HCI.OVRL.MA","","","","","","","","","","","","","","","","","","","","","","","","","","","","","","","","","","","","","","","","","","","","","","","","","","","","","","","","","","0.5","0.513471245765686","","0.510973930358887","","",
"Jordan","JOR","Human capital index (HCI), male (scale 0-1)","HD.HCI.OVRL.MA","","","","","","","","","","","","","","","","","","","","","","","","","","","","","","","","","","","","","","","","","","","","","","","","","","","0.530354261398315","","","","","","","0.537","0.520403683185577","","0.528045356273651","","",
"Japan","JPN","Human capital index (HCI), male (scale 0-1)","HD.HCI.OVRL.MA","","","","","","","","","","","","","","","","","","","","","","","","","","","","","","","","","","","","","","","","","","","","","","","","","","","","","","","","","","","","","","","",
"Kazakhstan","KAZ","Human capital index (HCI), male (scale 0-1)","HD.HCI.OVRL.MA","","","","","","","","","","","","","","","","","","","","","","","","","","","","","","","","","","","","","","","","","","","","","","","","","","","0.560276806354523","","","","","","","0.714","0.747830927371979","","0.605649471282959","","",
"Kenya","KEN","Human capital index (HCI), male (scale 0-1)","HD.HCI.OVRL.MA","","","","","","","","","","","","","","","","","","","","","","","","","","","","","","","","","","","","","","","","","","","","","","","","","","","","","","","","","","","","","","","",
"Kyrgyz Republic","KGZ","Human capital index (HCI), male (scale 0-1)","HD.HCI.OVRL.MA","","","","","","","","","","","","","","","","","","","","","","","","","","","","","","","","","","","","","","","","","","","","","","","","","","","","","","","","","","0.558","0.573414623737335","","0.577536404132843","","",
"Cambodia","KHM","Human capital index (HCI), male (scale 0-1)","HD.HCI.OVRL.MA","","","","","","","","","","","","","","","","","","","","","","","","","","","","","","","","","","","","","","","","","","","","","","","","","","","","","","","","","","","","","","","",
"Kiribati","KIR","Human capital index (HCI), male (scale 0-1)","HD.HCI.OVRL.MA","","","","","","","","","","","","","","","","","","","","","","","","","","","","","","","","","","","","","","","","","","","","","","","","","","","","","","","","","","","0.436054021120071","","0.453023880720138","","",
"St. Kitts and Nevis","KNA","Human capital index (HCI), male (scale 0-1)","HD.HCI.OVRL.MA","","","","","","","","","","","","","","","","","","","","","","","","","","","","","","","","","","","","","","","","","","","","","","","","","","","","","","","","","","","0.556947350502014","","0.573573708534241","","",
"Korea, Rep.","KOR","Human capital index (HCI), male (scale 0-1)","HD.HCI.OVRL.MA","","","","","","","","","","","","","","","","","","","","","","","","","","","","","","","","","","","","","","","","","","","","","","","","","","","0.800265252590179","","","","","","","0.813","0.817711651325226","","0.784116446971893","","",
"Kuwait","KWT","Human capital index (HCI), male (scale 0-1)","HD.HCI.OVRL.MA","","","","","","","","","","","","","","","","","","","","","","","","","","","","","","","","","","","","","","","","","","","","","","","","","","","0.540912866592407","","","","","","","0.539","0.540609121322632","","0.534937918186188","","",
"Latin America & Caribbean (excluding high income)","LAC","Human capital index (HCI), male (scale 0-1)","HD.HCI.OVRL.MA","","","","","","","","","","","","","","","","","","","","","","","","","","","","","","","","","","","","","","","","","","","","","","","","","","","","","","","","","","","","","","","",
"Lao PDR","LAO","Human capital index (HCI), male (scale 0-1)","HD.HCI.OVRL.MA","","","","","","","","","","","","","","","","","","","","","","","","","","","","","","","","","","","","","","","","","","","","","","","","","","","","","","","","","","0.44","0.448765009641647","","0.448288291692734","","",
"Lebanon","LBN","Human capital index (HCI), male (scale 0-1)","HD.HCI.OVRL.MA","","","","","","","","","","","","","","","","","","","","","","","","","","","","","","","","","","","","","","","","","","","","","","","","","","","","","","","","","","0.54","","","","","",
"Liberia","LBR","Human capital index (HCI), male (scale 0-1)","HD.HCI.OVRL.MA","","","","","","","","","","","","","","","","","","","","","","","","","","","","","","","","","","","","","","","","","","","","","","","","","","","","","","","","","","0.314","0.312901794910431","","0.314354330301285","","",
"Libya","LBY","Human capital index (HCI), male (scale 0-1)","HD.HCI.OVRL.MA","","","","","","","","","","","","","","","","","","","","","","","","","","","","","","","","","","","","","","","","","","","","","","","","","","","","","","","","","","","","","","","",
"St. Lucia","LCA","Human capital index (HCI), male (scale 0-1)","HD.HCI.OVRL.MA","","","","","","","","","","","","","","","","","","","","","","","","","","","","","","","","","","","","","","","","","","","","","","","","","","","","","","","","","","","0.562362730503082","","0.579178392887115","","",
"Latin America & Caribbean","LCN","Human capital index (HCI), male (scale 0-1)","HD.HCI.OVRL.MA","","","","","","","","","","","","","","","","","","","","","","","","","","","","","","","","","","","","","","","","","","","","","","","","","","","","","","","","","","","","","","","",
"Least developed countries: UN classification","LDC","Human capital index (HCI), male (scale 0-1)","HD.HCI.OVRL.MA","","","","","","","","","","","","","","","","","","","","","","","","","","","","","","","","","","","","","","","","","","","","","","","","","","","","","","","","","","","","","","","",
"Low income","LIC","Human capital index (HCI), male (scale 0-1)","HD.HCI.OVRL.MA","","","","","","","","","","","","","","","","","","","","","","","","","","","","","","","","","","","","","","","","","","","","","","","","","","","","","","","","","","","","","","","",
"Liechtenstein","LIE","Human capital index (HCI), male (scale 0-1)","HD.HCI.OVRL.MA","","","","","","","","","","","","","","","","","","","","","","","","","","","","","","","","","","","","","","","","","","","","","","","","","","","","","","","","","","","","","","","",
"Sri Lanka","LKA","Human capital index (HCI), male (scale 0-1)","HD.HCI.OVRL.MA","","","","","","","","","","","","","","","","","","","","","","","","","","","","","","","","","","","","","","","","","","","","","","","","","","","","","","","","","","","","","","","",
"Lower middle income","LMC","Human capital index (HCI), male (scale 0-1)","HD.HCI.OVRL.MA","","","","","","","","","","","","","","","","","","","","","","","","","","","","","","","","","","","","","","","","","","","","","","","","","","","","","","","","","","","","","","","",
"Low & middle income","LMY","Human capital index (HCI), male (scale 0-1)","HD.HCI.OVRL.MA","","","","","","","","","","","","","","","","","","","","","","","","","","","","","","","","","","","","","","","","","","","","","","","","","","","","","","","","","","","","","","","",
"Lesotho","LSO","Human capital index (HCI), male (scale 0-1)","HD.HCI.OVRL.MA","","","","","","","","","","","","","","","","","","","","","","","","","","","","","","","","","","","","","","","","","","","","","","","","","","","0.322632700204849","","","","","","","","","","","","",
"Late-demographic dividend","LTE","Human capital index (HCI), male (scale 0-1)","HD.HCI.OVRL.MA","","","","","","","","","","","","","","","","","","","","","","","","","","","","","","","","","","","","","","","","","","","","","","","","","","","","","","","","","","","","","","","",
"Lithuania","LTU","Human capital index (HCI), male (scale 0-1)","HD.HCI.OVRL.MA","","","","","","","","","","","","","","","","","","","","","","","","","","","","","","","","","","","","","","","","","","","","","","","","","","","0.629938721656799","","","","","","","0.666","0.679498314857483","","0.659979403018951","","",
"Luxembourg","LUX","Human capital index (HCI), male (scale 0-1)","HD.HCI.OVRL.MA","","","","","","","","","","","","","","","","","","","","","","","","","","","","","","","","","","","","","","","","","","","","","","","","","","","0.683625042438507","","","","","","","0.678","0.683302402496338","","0.673261165618896","","",
"Latvia","LVA","Human capital index (HCI), male (scale 0-1)","HD.HCI.OVRL.MA","","","","","","","","","","","","","","","","","","","","","","","","","","","","","","","","","","","","","","","","","","","","","","","","","","","0.627533793449402","","","","","","","0.678","0.689718842506409","","0.664559185504913","","",
"Macao SAR, China","MAC","Human capital index (HCI), male (scale 0-1)","HD.HCI.OVRL.MA","","","","","","","","","","","","","","","","","","","","","","","","","","","","","","","","","","","","","","","","","","","","","","","","","","","0.627212822437286","","","","","","","0.732","0.739121437072754","","0.773786962032318","","",
"St. Martin (French part)","MAF","Human capital index (HCI), male (scale 0-1)","HD.HCI.OVRL.MA","","","","","","","","","","","","","","","","","","","","","","","","","","","","","","","","","","","","","","","","","","","","","","","","","","","","","","","","","","","","","","","",
"Morocco","MAR","Human capital index (HCI), male (scale 0-1)","HD.HCI.OVRL.MA","","","","","","","","","","","","","","","","","","","","","","","","","","","","","","","","","","","","","","","","","","","","","","","","","","","0.475174725055695","","","","","","","0.49","0.481160700321198","","0.493504971265793","","",
"Monaco","MCO","Human capital index (HCI), male (scale 0-1)","HD.HCI.OVRL.MA","","","","","","","","","","","","","","","","","","","","","","","","","","","","","","","","","","","","","","","","","","","","","","","","","","","","","","","","","","","","","","","",
"Moldova","MDA","Human capital index (HCI), male (scale 0-1)","HD.HCI.OVRL.MA","","","","","","","","","","","","","","","","","","","","","","","","","","","","","","","","","","","","","","","","","","","","","","","","","","","0.531514704227448","","","","","","","0.558","0.558494091033936","","0.562514841556549","","",
"Madagascar","MDG","Human capital index (HCI), male (scale 0-1)","HD.HCI.OVRL.MA","","","","","","","","","","","","","","","","","","","","","","","","","","","","","","","","","","","","","","","","","","","","","","","","","","","0.381160885095596","","","","","","","0.371","0.374867111444473","","0.380946308374405","","",
"Maldives","MDV","Human capital index (HCI), male (scale 0-1)","HD.HCI.OVRL.MA","","","","","","","","","","","","","","","","","","","","","","","","","","","","","","","","","","","","","","","","","","","","","","","","","","","","","","","","","","","","","","","",
"Middle East & North Africa","MEA","Human capital index (HCI), male (scale 0-1)","HD.HCI.OVRL.MA","","","","","","","","","","","","","","","","","","","","","","","","","","","","","","","","","","","","","","","","","","","","","","","","","","","","","","","","","","","","","","","",
"Mexico","MEX","Human capital index (HCI), male (scale 0-1)","HD.HCI.OVRL.MA","","","","","","","","","","","","","","","","","","","","","","","","","","","","","","","","","","","","","","","","","","","","","","","","","","","0.574441850185394","","","","","","","0.595","0.596356928348541","","0.599544823169708","","",
"Marshall Islands","MHL","Human capital index (HCI), male (scale 0-1)","HD.HCI.OVRL.MA","","","","","","","","","","","","","","","","","","","","","","","","","","","","","","","","","","","","","","","","","","","","","","","","","","","","","","","","","","","0.388588488101959","","0.404533118009567","","",
"Middle income","MIC","Human capital index (HCI), male (scale 0-1)","HD.HCI.OVRL.MA","","","","","","","","","","","","","","","","","","","","","","","","","","","","","","","","","","","","","","","","","","","","","","","","","","","","","","","","","","","","","","","",
"North Macedonia","MKD","Human capital index (HCI), male (scale 0-1)","HD.HCI.OVRL.MA","","","","","","","","","","","","","","","","","","","","","","","","","","","","","","","","","","","","","","","","","","","","","","","","","","","0.527448773384094","","","","","","","0.521","0.522483050823212","","0.542688071727753","","",
"Mali","MLI","Human capital index (HCI), male (scale 0-1)","HD.HCI.OVRL.MA","","","","","","","","","","","","","","","","","","","","","","","","","","","","","","","","","","","","","","","","","","","","","","","","","","","","","","","","","","0.318","0.322066932916641","","0.318881809711456","","",
"Malta","MLT","Human capital index (HCI), male (scale 0-1)","HD.HCI.OVRL.MA","","","","","","","","","","","","","","","","","","","","","","","","","","","","","","","","","","","","","","","","","","","","","","","","","","","0.646765112876892","","","","","","","0.675","0.688858032226563","","0.683439493179321","","",
"Myanmar","MMR","Human capital index (HCI), male (scale 0-1)","HD.HCI.OVRL.MA","","","","","","","","","","","","","","","","","","","","","","","","","","","","","","","","","","","","","","","","","","","","","","","","","","","","","","","","","","0.458","0.456648677587509","","0.461232841014862","","",
"Middle East & North Africa (excluding high income)","MNA","Human capital index (HCI), male (scale 0-1)","HD.HCI.OVRL.MA","","","","","","","","","","","","","","","","","","","","","","","","","","","","","","","","","","","","","","","","","","","","","","","","","","","","","","","","","","","","","","","",
"Montenegro","MNE","Human capital index (HCI), male (scale 0-1)","HD.HCI.OVRL.MA","","","","","","","","","","","","","","","","","","","","","","","","","","","","","","","","","","","","","","","","","","","","","","","","","","","0.566435575485229","","","","","","","","0.608023881912231","","0.626087129116058","","",
"Mongolia","MNG","Human capital index (HCI), male (scale 0-1)","HD.HCI.OVRL.MA","","","","","","","","","","","","","","","","","","","","","","","","","","","","","","","","","","","","","","","","","","","","","","","","","","","","","","","","","","","0.596435785293579","","0.594006717205048","","",
"Northern Mariana Islands","MNP","Human capital index (HCI), male (scale 0-1)","HD.HCI.OVRL.MA","","","","","","","","","","","","","","","","","","","","","","","","","","","","","","","","","","","","","","","","","","","","","","","","","","","","","","","","","","","","","","","",
"Mozambique","MOZ","Human capital index (HCI), male (scale 0-1)","HD.HCI.OVRL.MA","","","","","","","","","","","","","","","","","","","","","","","","","","","","","","","","","","","","","","","","","","","","","","","","","","","","","","","","","","","","","","","",
"Mauritania","MRT","Human capital index (HCI), male (scale 0-1)","HD.HCI.OVRL.MA","","","","","","","","","","","","","","","","","","","","","","","","","","","","","","","","","","","","","","","","","","","","","","","","","","","","","","","","","","0.337","0.360829561948776","","0.370828956365585","","",
"Mauritius","MUS","Human capital index (HCI), male (scale 0-1)","HD.HCI.OVRL.MA","","","","","","","","","","","","","","","","","","","","","","","","","","","","","","","","","","","","","","","","","","","","","","","","","","","0.580362975597382","","","","","","","","","","","","",
"Malawi","MWI","Human capital index (HCI), male (scale 0-1)","HD.HCI.OVRL.MA","","","","","","","","","","","","","","","","","","","","","","","","","","","","","","","","","","","","","","","","","","","","","","","","","","","0.351649969816208","","","","","","","","","","","","",
"Malaysia","MYS","Human capital index (HCI), male (scale 0-1)","HD.HCI.OVRL.MA","","","","","","","","","","","","","","","","","","","","","","","","","","","","","","","","","","","","","","","","","","","","","","","","","","","0.563526630401611","","","","","","","0.601","0.612288534641266","","0.589960932731628","","",
"North America","NAC","Human capital index (HCI), male (scale 0-1)","HD.HCI.OVRL.MA","","","","","","","","","","","","","","","","","","","","","","","","","","","","","","","","","","","","","","","","","","","","","","","","","","","","","","","","","","","","","","","",
"Namibia","NAM","Human capital index (HCI), male (scale 0-1)","HD.HCI.OVRL.MA","","","","","","","","","","","","","","","","","","","","","","","","","","","","","","","","","","","","","","","","","","","","","","","","","","","0.381716281175613","","","","","","","","","","","","",
"New Caledonia","NCL","Human capital index (HCI), male (scale 0-1)","HD.HCI.OVRL.MA","","","","","","","","","","","","","","","","","","","","","","","","","","","","","","","","","","","","","","","","","","","","","","","","","","","","","","","","","","","","","","","",
"Niger","NER","Human capital index (HCI), male (scale 0-1)","HD.HCI.OVRL.MA","","","","","","","","","","","","","","","","","","","","","","","","","","","","","","","","","","","","","","","","","","","","","","","","","","","","","","","","","","0.317","0.320481210947037","","0.317888259887695","","",
"Nigeria","NGA","Human capital index (HCI), male (scale 0-1)","HD.HCI.OVRL.MA","","","","","","","","","","","","","","","","","","","","","","","","","","","","","","","","","","","","","","","","","","","","","","","","","","","","","","","","","","0.345","0.349902004003525","","0.355427831411362","","",
"Nicaragua","NIC","Human capital index (HCI), male (scale 0-1)","HD.HCI.OVRL.MA","","","","","","","","","","","","","","","","","","","","","","","","","","","","","","","","","","","","","","","","","","","","","","","","","","","","","","","","","","0.513","0.489033192396164","","0.489912986755371","","",
"Netherlands","NLD","Human capital index (HCI), male (scale 0-1)","HD.HCI.OVRL.MA","","","","","","","","","","","","","","","","","","","","","","","","","","","","","","","","","","","","","","","","","","","","","","","","","","","0.789615035057068","","","","","","","0.787","0.79083651304245","","0.773136675357819","","",
"Norway","NOR","Human capital index (HCI), male (scale 0-1)","HD.HCI.OVRL.MA","","","","","","","","","","","","","","","","","","","","","","","","","","","","","","","","","","","","","","","","","","","","","","","","","","","0.753084599971771","","","","","","","0.756","0.754776358604431","","0.750362992286682","","",
"Nepal","NPL","Human capital index (HCI), male (scale 0-1)","HD.HCI.OVRL.MA","","","","","","","","","","","","","","","","","","","","","","","","","","","","","","","","","","","","","","","","","","","","","","","","","","","","","","","","","","","","","","","",
"Nauru","NRU","Human capital index (HCI), male (scale 0-1)","HD.HCI.OVRL.MA","","","","","","","","","","","","","","","","","","","","","","","","","","","","","","","","","","","","","","","","","","","","","","","","","","","","","","","","","","","","","0.483328491449356","","",
"New Zealand","NZL","Human capital index (HCI), male (scale 0-1)","HD.HCI.OVRL.MA","","","","","","","","","","","","","","","","","","","","","","","","","","","","","","","","","","","","","","","","","","","","","","","","","","","0.75687700510025","","","","","","","0.751","0.754302144050598","","0.761217594146729","","",
"OECD members","OED","Human capital index (HCI), male (scale 0-1)","HD.HCI.OVRL.MA","","","","","","","","","","","","","","","","","","","","","","","","","","","","","","","","","","","","","","","","","","","","","","","","","","","","","","","","","","","","","","","",
"Oman","OMN","Human capital index (HCI), male (scale 0-1)","HD.HCI.OVRL.MA","","","","","","","","","","","","","","","","","","","","","","","","","","","","","","","","","","","","","","","","","","","","","","","","","","","0.521811366081238","","","","","","","0.589","0.580488264560699","","0.578150391578674","","",
"Other small states","OSS","Human capital index (HCI), male (scale 0-1)","HD.HCI.OVRL.MA","","","","","","","","","","","","","","","","","","","","","","","","","","","","","","","","","","","","","","","","","","","","","","","","","","","","","","","","","","","","","","","",
"Pakistan","PAK","Human capital index (HCI), male (scale 0-1)","HD.HCI.OVRL.MA","","","","","","","","","","","","","","","","","","","","","","","","","","","","","","","","","","","","","","","","","","","","","","","","","","","","","","","","","","0.393","0.402245134115219","","0.41104844212532","","",
"Panama","PAN","Human capital index (HCI), male (scale 0-1)","HD.HCI.OVRL.MA","","","","","","","","","","","","","","","","","","","","","","","","","","","","","","","","","","","","","","","","","","","","","","","","","","","0.49321699142456","","","","","","","0.517","0.500701069831848","","0.485864460468292","","",
"Peru","PER","Human capital index (HCI), male (scale 0-1)","HD.HCI.OVRL.MA","","","","","","","","","","","","","","","","","","","","","","","","","","","","","","","","","","","","","","","","","","","","","","","","","","","0.532018780708313","","","","","","","0.563","0.591722130775452","","0.605731785297394","","",
"Philippines","PHL","Human capital index (HCI), male (scale 0-1)","HD.HCI.OVRL.MA","","","","","","","","","","","","","","","","","","","","","","","","","","","","","","","","","","","","","","","","","","","","","","","","","","","","","","","","","","0.521","0.522073030471802","","0.494559079408646","","",
"Palau","PLW","Human capital index (HCI), male (scale 0-1)","HD.HCI.OVRL.MA","","","","","","","","","","","","","","","","","","","","","","","","","","","","","","","","","","","","","","","","","","","","","","","","","","","","","","","","","","","0.544619143009186","","0.563019871711731","","",
"Papua New Guinea","PNG","Human capital index (HCI), male (scale 0-1)","HD.HCI.OVRL.MA","","","","","","","","","","","","","","","","","","","","","","","","","","","","","","","","","","","","","","","","","","","","","","","","","","","","","","","","","","0.386","0.425241500139237","","0.428747177124023","","",
"Poland","POL","Human capital index (HCI), male (scale 0-1)","HD.HCI.OVRL.MA","","","","","","","","","","","","","","","","","","","","","","","","","","","","","","","","","","","","","","","","","","","","","","","","","","","","","","","","","","0.716","0.731141030788422","","0.722362637519836","","",
"Pre-demographic dividend","PRE","Human capital index (HCI), male (scale 0-1)","HD.HCI.OVRL.MA","","","","","","","","","","","","","","","","","","","","","","","","","","","","","","","","","","","","","","","","","","","","","","","","","","","","","","","","","","","","","","","",
"Puerto Rico","PRI","Human capital index (HCI), male (scale 0-1)","HD.HCI.OVRL.MA","","","","","","","","","","","","","","","","","","","","","","","","","","","","","","","","","","","","","","","","","","","","","","","","","","","","","","","","","","","","","","","",
"Korea, Dem. People's Rep.","PRK","Human capital index (HCI), male (scale 0-1)","HD.HCI.OVRL.MA","","","","","","","","","","","","","","","","","","","","","","","","","","","","","","","","","","","","","","","","","","","","","","","","","","","","","","","","","","","","","","","",
"Portugal","PRT","Human capital index (HCI), male (scale 0-1)","HD.HCI.OVRL.MA","","","","","","","","","","","","","","","","","","","","","","","","","","","","","","","","","","","","","","","","","","","","","","","","","","","0.718997120857239","","","","","","","0.767","0.773426294326782","","0.755870640277863","","",
"Paraguay","PRY","Human capital index (HCI), male (scale 0-1)","HD.HCI.OVRL.MA","","","","","","","","","","","","","","","","","","","","","","","","","","","","","","","","","","","","","","","","","","","","","","","","","","","0.501344621181488","","","","","","","0.531","0.524946093559265","","0.525628864765167","","",
"West Bank and Gaza","PSE","Human capital index (HCI), male (scale 0-1)","HD.HCI.OVRL.MA","","","","","","","","","","","","","","","","","","","","","","","","","","","","","","","","","","","","","","","","","","","","","","","","","","","","","","","","","","0.533","0.546162247657776","","0.554722964763641","","",
"Pacific island small states","PSS","Human capital index (HCI), male (scale 0-1)","HD.HCI.OVRL.MA","","","","","","","","","","","","","","","","","","","","","","","","","","","","","","","","","","","","","","","","","","","","","","","","","","","","","","","","","","","","","","","",
"Post-demographic dividend","PST","Human capital index (HCI), male (scale 0-1)","HD.HCI.OVRL.MA","","","","","","","","","","","","","","","","","","","","","","","","","","","","","","","","","","","","","","","","","","","","","","","","","","","","","","","","","","","","","","","",
"French Polynesia","PYF","Human capital index (HCI), male (scale 0-1)","HD.HCI.OVRL.MA","","","","","","","","","","","","","","","","","","","","","","","","","","","","","","","","","","","","","","","","","","","","","","","","","","","","","","","","","","","","","","","",
"Qatar","QAT","Human capital index (HCI), male (scale 0-1)","HD.HCI.OVRL.MA","","","","","","","","","","","","","","","","","","","","","","","","","","","","","","","","","","","","","","","","","","","","","","","","","","","0.574957966804504","","","","","","","0.587","0.615032374858856","","0.610415875911713","","",
"Romania","ROU","Human capital index (HCI), male (scale 0-1)","HD.HCI.OVRL.MA","","","","","","","","","","","","","","","","","","","","","","","","","","","","","","","","","","","","","","","","","","","","","","","","","","","0.56836199760437","","","","","","","0.576","0.56946474313736","","0.559381127357483","","",
"Russian Federation","RUS","Human capital index (HCI), male (scale 0-1)","HD.HCI.OVRL.MA","","","","","","","","","","","","","","","","","","","","","","","","","","","","","","","","","","","","","","","","","","","","","","","","","","","","","","","","","","0.679","0.683929562568665","","0.639108121395111","","",
"Rwanda","RWA","Human capital index (HCI), male (scale 0-1)","HD.HCI.OVRL.MA","","","","","","","","","","","","","","","","","","","","","","","","","","","","","","","","","","","","","","","","","","","","","","","","","","","","","","","","","","0.361","0.363891035318375","","0.366210162639618","","",
"South Asia","SAS","Human capital index (HCI), male (scale 0-1)","HD.HCI.OVRL.MA","","","","","","","","","","","","","","","","","","","","","","","","","","","","","","","","","","","","","","","","","","","","","","","","","","","","","","","","","","","","","","","",
"Saudi Arabia","SAU","Human capital index (HCI), male (scale 0-1)","HD.HCI.OVRL.MA","","","","","","","","","","","","","","","","","","","","","","","","","","","","","","","","","","","","","","","","","","","","","","","","","","","0.537692129611969","","","","","","","0.561","0.553899168968201","","0.559849262237549","","",
"Sudan","SDN","Human capital index (HCI), male (scale 0-1)","HD.HCI.OVRL.MA","","","","","","","","","","","","","","","","","","","","","","","","","","","","","","","","","","","","","","","","","","","","","","","","","","","","","","","","","","","0.368668973445892","","0.370086252689362","","",
"Senegal","SEN","Human capital index (HCI), male (scale 0-1)","HD.HCI.OVRL.MA","","","","","","","","","","","","","","","","","","","","","","","","","","","","","","","","","","","","","","","","","","","","","","","","","","","0.381450742483139","","","","","","","0.408","0.404778212308884","","0.402080416679382","","",
"Singapore","SGP","Human capital index (HCI), male (scale 0-1)","HD.HCI.OVRL.MA","","","","","","","","","","","","","","","","","","","","","","","","","","","","","","","","","","","","","","","","","","","","","","","","","","","0.833346128463745","","","","","","","0.871","0.875118374824524","","0.869205355644226","","",
"Solomon Islands","SLB","Human capital index (HCI), male (scale 0-1)","HD.HCI.OVRL.MA","","","","","","","","","","","","","","","","","","","","","","","","","","","","","","","","","","","","","","","","","","","","","","","","","","","","","","","","","","0.435","0.417713642120361","","0.407720267772675","","",
"Sierra Leone","SLE","Human capital index (HCI), male (scale 0-1)","HD.HCI.OVRL.MA","","","","","","","","","","","","","","","","","","","","","","","","","","","","","","","","","","","","","","","","","","","","","","","","","","","","","","","","","","0.35","0.346947193145752","","0.355553448200226","","",
"El Salvador","SLV","Human capital index (HCI), male (scale 0-1)","HD.HCI.OVRL.MA","","","","","","","","","","","","","","","","","","","","","","","","","","","","","","","","","","","","","","","","","","","","","","","","","","","","","","","","","","0.49","0.525308966636658","","0.523999929428101","","",
"San Marino","SMR","Human capital index (HCI), male (scale 0-1)","HD.HCI.OVRL.MA","","","","","","","","","","","","","","","","","","","","","","","","","","","","","","","","","","","","","","","","","","","","","","","","","","","","","","","","","","","","","","","",
"Somalia","SOM","Human capital index (HCI), male (scale 0-1)","HD.HCI.OVRL.MA","","","","","","","","","","","","","","","","","","","","","","","","","","","","","","","","","","","","","","","","","","","","","","","","","","","","","","","","","","","","","","","",
"Serbia","SRB","Human capital index (HCI), male (scale 0-1)","HD.HCI.OVRL.MA","","","","","","","","","","","","","","","","","","","","","","","","","","","","","","","","","","","","","","","","","","","","","","","","","","","0.63464480638504","","","","","","","0.74","0.745281636714935","","0.658910870552063","","",
"Sub-Saharan Africa (excluding high income)","SSA","Human capital index (HCI), male (scale 0-1)","HD.HCI.OVRL.MA","","","","","","","","","","","","","","","","","","","","","","","","","","","","","","","","","","","","","","","","","","","","","","","","","","","","","","","","","","","","","","","",
"South Sudan","SSD","Human capital index (HCI), male (scale 0-1)","HD.HCI.OVRL.MA","","","","","","","","","","","","","","","","","","","","","","","","","","","","","","","","","","","","","","","","","","","","","","","","","","","","","","","","","","","","","","","",
"Sub-Saharan Africa","SSF","Human capital index (HCI), male (scale 0-1)","HD.HCI.OVRL.MA","","","","","","","","","","","","","","","","","","","","","","","","","","","","","","","","","","","","","","","","","","","","","","","","","","","","","","","","","","","","","","","",
"Small states","SST","Human capital index (HCI), male (scale 0-1)","HD.HCI.OVRL.MA","","","","","","","","","","","","","","","","","","","","","","","","","","","","","","","","","","","","","","","","","","","","","","","","","","","","","","","","","","","","","","","",
"Sao Tome and Principe","STP","Human capital index (HCI), male (scale 0-1)","HD.HCI.OVRL.MA","","","","","","","","","","","","","","","","","","","","","","","","","","","","","","","","","","","","","","","","","","","","","","","","","","","","","","","","","","","","","","","",
"Suriname","SUR","Human capital index (HCI), male (scale 0-1)","HD.HCI.OVRL.MA","","","","","","","","","","","","","","","","","","","","","","","","","","","","","","","","","","","","","","","","","","","","","","","","","","","","","","","","","","","","","","","",
"Slovak Republic","SVK","Human capital index (HCI), male (scale 0-1)","HD.HCI.OVRL.MA","","","","","","","","","","","","","","","","","","","","","","","","","","","","","","","","","","","","","","","","","","","","","","","","","","","0.645622968673706","","","","","","","0.671","0.657904446125031","","0.640206277370453","","",
"Slovenia","SVN","Human capital index (HCI), male (scale 0-1)","HD.HCI.OVRL.MA","","","","","","","","","","","","","","","","","","","","","","","","","","","","","","","","","","","","","","","","","","","","","","","","","","","0.719783544540405","","","","","","","0.766","0.766014158725739","","0.749867081642151","","",
"Sweden","SWE","Human capital index (HCI), male (scale 0-1)","HD.HCI.OVRL.MA","","","","","","","","","","","","","","","","","","","","","","","","","","","","","","","","","","","","","","","","","","","","","","","","","","","0.745028555393219","","","","","","","0.786","0.789315402507782","","0.780499577522278","","",
"Eswatini","SWZ","Human capital index (HCI), male (scale 0-1)","HD.HCI.OVRL.MA","","","","","","","","","","","","","","","","","","","","","","","","","","","","","","","","","","","","","","","","","","","","","","","","","","","0.297386258840561","","","","","","","","","","","","",
"Sint Maarten (Dutch part)","SXM","Human capital index (HCI), male (scale 0-1)","HD.HCI.OVRL.MA","","","","","","","","","","","","","","","","","","","","","","","","","","","","","","","","","","","","","","","","","","","","","","","","","","","","","","","","","","","","","","","",
"Seychelles","SYC","Human capital index (HCI), male (scale 0-1)","HD.HCI.OVRL.MA","","","","","","","","","","","","","","","","","","","","","","","","","","","","","","","","","","","","","","","","","","","","","","","","","","","0.567603468894959","","","","","","","","","","","","",
"Syrian Arab Republic","SYR","Human capital index (HCI), male (scale 0-1)","HD.HCI.OVRL.MA","","","","","","","","","","","","","","","","","","","","","","","","","","","","","","","","","","","","","","","","","","","","","","","","","","","","","","","","","","","","","","","",
"Turks and Caicos Islands","TCA","Human capital index (HCI), male (scale 0-1)","HD.HCI.OVRL.MA","","","","","","","","","","","","","","","","","","","","","","","","","","","","","","","","","","","","","","","","","","","","","","","","","","","","","","","","","","","","","","","",
"Chad","TCD","Human capital index (HCI), male (scale 0-1)","HD.HCI.OVRL.MA","","","","","","","","","","","","","","","","","","","","","","","","","","","","","","","","","","","","","","","","","","","","","","","","","","","0.293964684009552","","","","","","","0.298","0.306944876909256","","0.307845264673233","","",
"East Asia & Pacific (IDA & IBRD countries)","TEA","Human capital index (HCI), male (scale 0-1)","HD.HCI.OVRL.MA","","","","","","","","","","","","","","","","","","","","","","","","","","","","","","","","","","","","","","","","","","","","","","","","","","","","","","","","","","","","","","","",
"Europe & Central Asia (IDA & IBRD countries)","TEC","Human capital index (HCI), male (scale 0-1)","HD.HCI.OVRL.MA","","","","","","","","","","","","","","","","","","","","","","","","","","","","","","","","","","","","","","","","","","","","","","","","","","","","","","","","","","","","","","","",
"Togo","TGO","Human capital index (HCI), male (scale 0-1)","HD.HCI.OVRL.MA","","","","","","","","","","","","","","","","","","","","","","","","","","","","","","","","","","","","","","","","","","","","","","","","","","","0.369066774845123","","","","","","","0.416","0.419172734022141","","0.434085071086883","","",
"Thailand","THA","Human capital index (HCI), male (scale 0-1)","HD.HCI.OVRL.MA","","","","","","","","","","","","","","","","","","","","","","","","","","","","","","","","","","","","","","","","","","","","","","","","","","","0.557079195976257","","","","","","","0.591","0.596425116062164","","0.585540413856506","","",
"Tajikistan","TJK","Human capital index (HCI), male (scale 0-1)","HD.HCI.OVRL.MA","","","","","","","","","","","","","","","","","","","","","","","","","","","","","","","","","","","","","","","","","","","","","","","","","","","","","","","","","","0.536","0.543091356754303","","","","",
"Turkmenistan","TKM","Human capital index (HCI), male (scale 0-1)","HD.HCI.OVRL.MA","","","","","","","","","","","","","","","","","","","","","","","","","","","","","","","","","","","","","","","","","","","","","","","","","","","","","","","","","","","","","","","",
"Latin America & the Caribbean (IDA & IBRD countries)","TLA","Human capital index (HCI), male (scale 0-1)","HD.HCI.OVRL.MA","","","","","","","","","","","","","","","","","","","","","","","","","","","","","","","","","","","","","","","","","","","","","","","","","","","","","","","","","","","","","","","",
"Timor-Leste","TLS","Human capital index (HCI), male (scale 0-1)","HD.HCI.OVRL.MA","","","","","","","","","","","","","","","","","","","","","","","","","","","","","","","","","","","","","","","","","","","","","","","","","","","0.401926994323731","","","","","","","0.433","0.436486631631851","","0.437187135219574","","",
"Middle East & North Africa (IDA & IBRD countries)","TMN","Human capital index (HCI), male (scale 0-1)","HD.HCI.OVRL.MA","","","","","","","","","","","","","","","","","","","","","","","","","","","","","","","","","","","","","","","","","","","","","","","","","","","","","","","","","","","","","","","",
"Tonga","TON","Human capital index (HCI), male (scale 0-1)","HD.HCI.OVRL.MA","","","","","","","","","","","","","","","","","","","","","","","","","","","","","","","","","","","","","","","","","","","","","","","","","","","","","","","","","","0.475","0.494061052799225","","0.509331881999969","","",
"South Asia (IDA & IBRD)","TSA","Human capital index (HCI), male (scale 0-1)","HD.HCI.OVRL.MA","","","","","","","","","","","","","","","","","","","","","","","","","","","","","","","","","","","","","","","","","","","","","","","","","","","","","","","","","","","","","","","",
"Sub-Saharan Africa (IDA & IBRD countries)","TSS","Human capital index (HCI), male (scale 0-1)","HD.HCI.OVRL.MA","","","","","","","","","","","","","","","","","","","","","","","","","","","","","","","","","","","","","","","","","","","","","","","","","","","","","","","","","","","","","","","",
"Trinidad and Tobago","TTO","Human capital index (HCI), male (scale 0-1)","HD.HCI.OVRL.MA","","","","","","","","","","","","","","","","","","","","","","","","","","","","","","","","","","","","","","","","","","","","","","","","","","","0.51658296585083","","","","","","","","","","","","",
"Tunisia","TUN","Human capital index (HCI), male (scale 0-1)","HD.HCI.OVRL.MA","","","","","","","","","","","","","","","","","","","","","","","","","","","","","","","","","","","","","","","","","","","","","","","","","","","0.506048738956451","","","","","","","0.488","0.489339500665665","","0.496642857789993","","",
"Turkiye","TUR","Human capital index (HCI), male (scale 0-1)","HD.HCI.OVRL.MA","","","","","","","","","","","","","","","","","","","","","","","","","","","","","","","","","","","","","","","","","","","","","","","","","","","0.620826661586761","","","","","","","0.601","0.616588830947876","","0.640351951122284","","",
"Tuvalu","TUV","Human capital index (HCI), male (scale 0-1)","HD.HCI.OVRL.MA","","","","","","","","","","","","","","","","","","","","","","","","","","","","","","","","","","","","","","","","","","","","","","","","","","","","","","","","","","","0.422525197267532","","0.426189750432968","","",
"Tanzania","TZA","Human capital index (HCI), male (scale 0-1)","HD.HCI.OVRL.MA","","","","","","","","","","","","","","","","","","","","","","","","","","","","","","","","","","","","","","","","","","","","","","","","","","","","","","","","","","0.39","0.375488489866257","","0.378912627696991","","",
"Uganda","UGA","Human capital index (HCI), male (scale 0-1)","HD.HCI.OVRL.MA","","","","","","","","","","","","","","","","","","","","","","","","","","","","","","","","","","","","","","","","","","","","","","","","","","","","","","","","","","","","","","","",
"Ukraine","UKR","Human capital index (HCI), male (scale 0-1)","HD.HCI.OVRL.MA","","","","","","","","","","","","","","","","","","","","","","","","","","","","","","","","","","","","","","","","","","","","","","","","","","","0.590633153915405","","","","","","","0.609","0.60466343164444","","0.589480102062225","","",
"Upper middle income","UMC","Human capital index (HCI), male (scale 0-1)","HD.HCI.OVRL.MA","","","","","","","","","","","","","","","","","","","","","","","","","","","","","","","","","","","","","","","","","","","","","","","","","","","","","","","","","","","","","","","",
"Uruguay","URY","Human capital index (HCI), male (scale 0-1)","HD.HCI.OVRL.MA","","","","","","","","","","","","","","","","","","","","","","","","","","","","","","","","","","","","","","","","","","","","","","","","","","","0.563205182552338","","","","","","","","0.578911364078522","","0.574680626392365","","",
"United States","USA","Human capital index (HCI), male (scale 0-1)","HD.HCI.OVRL.MA","","","","","","","","","","","","","","","","","","","","","","","","","","","","","","","","","","","","","","","","","","","","","","","","","","","0.678875505924225","","","","","","","0.726","0.697446584701538","","0.684286594390869","","",
"Uzbekistan","UZB","Human capital index (HCI), male (scale 0-1)","HD.HCI.OVRL.MA","","","","","","","","","","","","","","","","","","","","","","","","","","","","","","","","","","","","","","","","","","","","","","","","","","","","","","","","","","","","","0.61448723077774","","",
"St. Vincent and the Grenadines","VCT","Human capital index (HCI), male (scale 0-1)","HD.HCI.OVRL.MA","","","","","","","","","","","","","","","","","","","","","","","","","","","","","","","","","","","","","","","","","","","","","","","","","","","","","","","","","","","0.509105503559113","","0.500845789909363","","",
"Venezuela, RB","VEN","Human capital index (HCI), male (scale 0-1)","HD.HCI.OVRL.MA","","","","","","","","","","","","","","","","","","","","","","","","","","","","","","","","","","","","","","","","","","","","","","","","","","","","","","","","","","","","","","","",
"British Virgin Islands","VGB","Human capital index (HCI), male (scale 0-1)","HD.HCI.OVRL.MA","","","","","","","","","","","","","","","","","","","","","","","","","","","","","","","","","","","","","","","","","","","","","","","","","","","","","","","","","","","","","","","",
"Virgin Islands (U.S.)","VIR","Human capital index (HCI), male (scale 0-1)","HD.HCI.OVRL.MA","","","","","","","","","","","","","","","","","","","","","","","","","","","","","","","","","","","","","","","","","","","","","","","","","","","","","","","","","","","","","","","",
"Vietnam","VNM","Human capital index (HCI), male (scale 0-1)","HD.HCI.OVRL.MA","","","","","","","","","","","","","","","","","","","","","","","","","","","","","","","","","","","","","","","","","","","","","","","","","","","0.634341835975647","","","","","","","","0.652676463127136","","0.654776275157928","","",
"Vanuatu","VUT","Human capital index (HCI), male (scale 0-1)","HD.HCI.OVRL.MA","","","","","","","","","","","","","","","","","","","","","","","","","","","","","","","","","","","","","","","","","","","","","","","","","","","","","","","","","","0.46","0.432179600000382","","0.442129880189896","","",
"World","WLD","Human capital index (HCI), male (scale 0-1)","HD.HCI.OVRL.MA","","","","","","","","","","","","","","","","","","","","","","","","","","","","","","","","","","","","","","","","","","","","","","","","","","","","","","","","","","","","","","","",
"Samoa","WSM","Human capital index (HCI), male (scale 0-1)","HD.HCI.OVRL.MA","","","","","","","","","","","","","","","","","","","","","","","","","","","","","","","","","","","","","","","","","","","","","","","","","","","","","","","","","","","0.502062916755676","","0.519985675811768","","",
"Kosovo","XKX","Human capital index (HCI), male (scale 0-1)","HD.HCI.OVRL.MA","","","","","","","","","","","","","","","","","","","","","","","","","","","","","","","","","","","","","","","","","","","","","","","","","","","","","","","","","","0.546","0.551253497600555","","0.550836026668549","","",
"Yemen, Rep.","YEM","Human capital index (HCI), male (scale 0-1)","HD.HCI.OVRL.MA","","","","","","","","","","","","","","","","","","","","","","","","","","","","","","","","","","","","","","","","","","","","","","","","","","","","","","","","","","0.374","0.377818733453751","","0.377947509288788","","",
"South Africa","ZAF","Human capital index (HCI), male (scale 0-1)","HD.HCI.OVRL.MA","","","","","","","","","","","","","","","","","","","","","","","","","","","","","","","","","","","","","","","","","","","","","","","","","","","0.417664229869842","","","","","","","0.362","0.402945220470429","","0.406087726354599","","",
"Zambia","ZMB","Human capital index (HCI), male (scale 0-1)","HD.HCI.OVRL.MA","","","","","","","","","","","","","","","","","","","","","","","","","","","","","","","","","","","","","","","","","","","","","","","","","","","","","","","","","","","","","","","",
"Zimbabwe","ZWE","Human capital index (HCI), male (scale 0-1)","HD.HCI.OVRL.MA","","","","","","","","","","","","","","","","","","","","","","","","","","","","","","","","","","","","","","","","","","","","","","","","","","","0.404931962490082","","","","","","","","","","","","",
